segment,customers,churn_rate,monthly_revenue_lost
Month-to-month / fibre,2128.0,0.5460526315789473,100482.0
Month-to-month / DSL,1223.0,0.3221586263286999,18367.25
One year / fibre,539.0,0.19294990723562153,10571.95
One year / DSL,570.0,0.09298245614035087,3356.2500000000005
Two year / fibre,429.0,0.07226107226107226,3246.1
Month-to-month / no internet,524.0,0.18893129770992367,1997.8500000000001
Two year / DSL,628.0,0.01910828025477707,805.7000000000002
One year / no internet,364.0,0.024725274725274724,190.25000000000003
Two year / no internet,638.0,0.007836990595611285,113.5
